技包内靛(技包),楷档(扁埃裹困),前格锅龋内靛,前格疙,寇惫利犁陛咀(US_崔矾),郴惫利犁陛咀(盔)
030(何魂技包),2017斥(04-01~12-31),A,林幅,5812084,1018664820
030(何魂技包),2017斥(04-01~12-31),B,淬硅幅,6480621,1932200
030(何魂技包),2017斥(04-01~12-31),C,腊幅,4612635,4186450849
030(何魂技包),2017斥(04-01~12-31),D,侥前幅,11189711,30055691673
030(何魂技包),2017斥(04-01~12-31),E,傈磊力前,9912,2043368550
030(何魂技包),2017斥(04-01~12-31),F,炼府扁备,972,38404178
030(何魂技包),2017斥(04-01~12-31),G,急冠何前,149233867,49367697981
030(何魂技包),2017斥(04-01~12-31),H,厩技荤府,,97428302
030(何魂技包),2017斥(04-01~12-31),I,蜡幅,102602573,157311679
030(何魂技包),2017斥(04-01~12-31),S,炼扒何急侩前,7866323,342037492
030(何魂技包),2017斥(04-01~12-31),T,急冠企扁拱,,5030750
030(何魂技包),2017斥(04-01~12-31),Z,扁鸥,28725295,1.84545E+11
030(何魂技包),2018斥(01-01~12-31),A,林幅,7884430,930890972
030(何魂技包),2018斥(01-01~12-31),B,淬硅幅,7230696,6927505
030(何魂技包),2018斥(01-01~12-31),C,腊幅,7401601,2662203729
030(何魂技包),2018斥(01-01~12-31),D,侥前幅,16177153,39024582835
030(何魂技包),2018斥(01-01~12-31),E,傈磊力前,49881,1384194213
030(何魂技包),2018斥(01-01~12-31),F,炼府扁备,1310,89285153
030(何魂技包),2018斥(01-01~12-31),G,急冠何前,110143826,63545006616
030(何魂技包),2018斥(01-01~12-31),H,厩技荤府,,34700000
030(何魂技包),2018斥(01-01~12-31),I,蜡幅,178776906,3199279624
030(何魂技包),2018斥(01-01~12-31),S,炼扒何急侩前,11257531,210552150
030(何魂技包),2018斥(01-01~12-31),T,急冠企扁拱,,
030(何魂技包),2018斥(01-01~12-31),Z,扁鸥,49509564,2.28917E+11
030(何魂技包),2019斥(01-01~12-31),A,林幅,7946098,940218582
030(何魂技包),2019斥(01-01~12-31),B,淬硅幅,7127001,7483394
030(何魂技包),2019斥(01-01~12-31),C,腊幅,8489295,3516077041
030(何魂技包),2019斥(01-01~12-31),D,侥前幅,22834442,41655922992
030(何魂技包),2019斥(01-01~12-31),E,傈磊力前,44731,566625270
030(何魂技包),2019斥(01-01~12-31),F,炼府扁备,564,16126266
030(何魂技包),2019斥(01-01~12-31),G,急冠何前,131616536,86108796474
030(何魂技包),2019斥(01-01~12-31),H,厩技荤府,,7191200
030(何魂技包),2019斥(01-01~12-31),I,蜡幅,349333400,3613863888
030(何魂技包),2019斥(01-01~12-31),S,炼扒何急侩前,12498542,596440778
030(何魂技包),2019斥(01-01~12-31),T,急冠企扁拱,,
030(何魂技包),2019斥(01-01~12-31),Z,扁鸥,48107667,2.61147E+11
030(何魂技包),2020斥(01-01~12-31),A,林幅,5036606,944698414
030(何魂技包),2020斥(01-01~12-31),B,淬硅幅,5952015,8409584
030(何魂技包),2020斥(01-01~12-31),C,腊幅,7169210,4662342425
030(何魂技包),2020斥(01-01~12-31),D,侥前幅,12549572,41731563081
030(何魂技包),2020斥(01-01~12-31),E,傈磊力前,208303,2006406246
030(何魂技包),2020斥(01-01~12-31),F,炼府扁备,7674,154937099
030(何魂技包),2020斥(01-01~12-31),G,急冠何前,112348306,1.22871E+11
030(何魂技包),2020斥(01-01~12-31),H,厩技荤府,4780,1930910
030(何魂技包),2020斥(01-01~12-31),I,蜡幅,352229931,3320566822
030(何魂技包),2020斥(01-01~12-31),S,炼扒何急侩前,19834259,194154100
030(何魂技包),2020斥(01-01~12-31),T,急冠企扁拱,,
030(何魂技包),2020斥(01-01~12-31),Z,扁鸥,46696713,1.97605E+11
030(何魂技包),2021斥(01-01~12-31),A,林幅,4624068,961549582
030(何魂技包),2021斥(01-01~12-31),B,淬硅幅,6170416,13510000
030(何魂技包),2021斥(01-01~12-31),C,腊幅,7480487,4536883945
030(何魂技包),2021斥(01-01~12-31),D,侥前幅,11014366,42309101647
030(何魂技包),2021斥(01-01~12-31),E,傈磊力前,315739,2022829836
030(何魂技包),2021斥(01-01~12-31),F,炼府扁备,11770,236523134
030(何魂技包),2021斥(01-01~12-31),G,急冠何前,142958415,1.39701E+11
030(何魂技包),2021斥(01-01~12-31),H,厩技荤府,,2602305
030(何魂技包),2021斥(01-01~12-31),I,蜡幅,385782175,4785022632
030(何魂技包),2021斥(01-01~12-31),S,炼扒何急侩前,65572897,212218690
030(何魂技包),2021斥(01-01~12-31),T,急冠企扁拱,,
030(何魂技包),2021斥(01-01~12-31),Z,扁鸥,64710341,1.87664E+11
030(何魂技包),2022斥(01-01~12-31),A,林幅,4850959,1054729298
030(何魂技包),2022斥(01-01~12-31),B,淬硅幅,6680608,9712760
030(何魂技包),2022斥(01-01~12-31),C,腊幅,10101319,5770714409
030(何魂技包),2022斥(01-01~12-31),D,侥前幅,12353893,49799102626
030(何魂技包),2022斥(01-01~12-31),E,傈磊力前,269676,3779285965
030(何魂技包),2022斥(01-01~12-31),F,炼府扁备,35800,193787357
030(何魂技包),2022斥(01-01~12-31),G,急冠何前,148222394,1.76252E+11
030(何魂技包),2022斥(01-01~12-31),H,厩技荤府,,29817592
030(何魂技包),2022斥(01-01~12-31),I,蜡幅,394982028,10515063127
030(何魂技包),2022斥(01-01~12-31),S,炼扒何急侩前,36868595,411415062
030(何魂技包),2022斥(01-01~12-31),T,急冠企扁拱,,
030(何魂技包),2022斥(01-01~12-31),Z,扁鸥,51694118,2.31427E+11
030(何魂技包),2023斥(01-01~12-31),A,林幅,8722292,1185945795
030(何魂技包),2023斥(01-01~12-31),B,淬硅幅,7035694,11042836
030(何魂技包),2023斥(01-01~12-31),C,腊幅,11140279,5172887957
030(何魂技包),2023斥(01-01~12-31),D,侥前幅,39169467,55079675842
030(何魂技包),2023斥(01-01~12-31),E,傈磊力前,324082,3456417378
030(何魂技包),2023斥(01-01~12-31),F,炼府扁备,27462,258047998
030(何魂技包),2023斥(01-01~12-31),G,急冠何前,133155254,1.97511E+11
030(何魂技包),2023斥(01-01~12-31),H,厩技荤府,6574,13305725
030(何魂技包),2023斥(01-01~12-31),I,蜡幅,285814817,11284397460
030(何魂技包),2023斥(01-01~12-31),S,炼扒何急侩前,44882320,544951274
030(何魂技包),2023斥(01-01~12-31),T,急冠企扁拱,,12000000
030(何魂技包),2023斥(01-01~12-31),Z,扁鸥,97478753,2.71414E+11
